arm,replicate,run_id,final_success,raw_primary_success,correction_basis,author_elapsed_seconds,seconds_to_first_valid,total_api_calls,api_calls_to_first_valid,input_tokens,cached_input_tokens,cache_write_input_tokens,output_tokens,reasoning_tokens,total_tokens,total_api_cost_usd,api_cost_usd_to_first_valid,research_logical_declarations,author_logical_declarations,reuse_share,author_root_loc,research_modules_used
P,1,p_case024_delta_v1_r1,true,true,selected-0001,1445.125509,1367.634128,64,59,3550886,3292813,253786,41723,11111,3592609,1.7188316,1.6285901,0,94,0.000000,597,0
P,2,p_case024_delta_v1_r2,true,true,selected-0001,1308.126381,1242.935094,64,60,4236359,3960927,271145,41980,11661,4278339,1.8984219,1.8124802,0,84,0.000000,558,0
P,3,p_case024_delta_v1_r3,true,true,selected-0001,1563.808098,1474.598193,71,65,4567107,4300556,261788,38908,12044,4606015,1.9131872,1.7898093,0,68,0.000000,585,0
P,4,p_case024_delta_v1_r4,true,true,selected-0001,941.976462,901.666361,53,49,3218941,2986578,228824,31946,11635,3250887,1.4959136,1.4372876,0,72,0.000000,562,0
P,5,p_case024_delta_v1_r5,true,true,selected-0001,1325.980156,1250.112848,61,56,3690342,3429719,256540,43646,14457,3733988,1.7719198,1.6786246,0,111,0.000000,706,0
PML,1,pml_case024_delta_v1_r1,true,true,selected-0001,519.722535,487.274904,36,32,1595354,1383960,209011,23898,5732,1619252,1.0430655,0.9976545,63,54,0.538462,400,9
PML,2,pml_case024_delta_v1_r2,true,true,selected-0001,839.536174,761.265197,44,38,3095636,3000861,91783,20645,6569,3116281,1.0420637,0.9115112,41,59,0.410000,479,8
PML,3,pml_case024_delta_v1_r3,true,true,selected-0001,454.892880,402.602567,26,21,1420995,1344711,74516,19755,4410,1440750,0.6563182,0.5584802,55,62,0.470085,436,9
PML,4,pml_case024_delta_v1_r4,true,true,selected-0001,540.060436,458.140413,31,25,2167991,2074710,91173,20669,5875,2188660,0.8537805,0.7190382,57,53,0.518182,410,10
PML,5,pml_case024_delta_v1_r5,true,true,selected-0001,536.807013,487.438477,22,19,1355498,1267611,86391,21098,5426,1376596,0.6834717,0.6173710,53,53,0.500000,386,9
PML-FileOracle,1,file_oracle_case024_delta_v1_r1,true,false,offline-corrected-final,634.645856,,36,,2325603,2231469,91686,26662,8274,2352265,0.9470248,,37,63,0.370000,454,7
PML-FileOracle,2,file_oracle_case024_delta_v1_r2,true,true,selected-0001,644.406525,593.475765,46,42,2469648,2259145,207440,24472,8188,2494120,1.2212750,1.1857979,53,68,0.438017,432,9
PML-FileOracle,3,file_oracle_case024_delta_v1_r3,true,true,selected-0001,526.009136,488.702442,35,31,2214438,2122659,89399,19875,5178,2234313,0.8515393,0.7695131,37,65,0.362745,409,7
PML-FileOracle,4,file_oracle_case024_delta_v1_r4,true,true,selected-0001,703.342140,660.151168,41,37,2343116,2138843,201550,23925,8513,2367041,1.1763396,1.1388000,38,59,0.391753,435,7
PML-FileOracle,5,file_oracle_case024_delta_v1_r5,true,true,selected-0001,994.642736,804.687151,41,32,2834501,2741079,90634,22100,5668,2856601,1.0013768,0.8074158,38,62,0.380000,446,7
