condition,canonical_full_proof,reasoning_effort,task,task_title,arm,replicate,run_id,author_state,lean_success,author_elapsed_seconds,seconds_to_first_valid,model_calls,api_cost_usd,api_cost_usd_to_first_valid,input_tokens,cached_input_tokens,cache_write_input_tokens,output_tokens,reasoning_output_tokens,non_reasoning_output_tokens,research_logical_declarations,author_logical_declarations,reuse_share
canonical_high,True,high,s2b,S2-B,P,1,p_delta_v1_r1,FINISHED,True,1190.669842,1178.4249613988213,78,2.4041476,2.3585441,4816207,4404023,407010,49547,16530,33017,,,
canonical_high,True,high,s2b,S2-B,P,2,p_delta_v1_r2,FINISHED,True,1315.485337,1267.9550974869635,60,1.7608155999999995,1.6637613999999996,3583482,3306653,272814,40942,12923,28019,,,
canonical_high,True,high,s2b,S2-B,P,3,p_delta_v1_r3,FINISHED,True,1483.03762,1435.9111849851906,73,2.2102309,2.1598303,4310483,3923252,382397,45992,13722,32270,,,
canonical_high,True,high,s2b,S2-B,P,4,p_delta_v1_r4,FINISHED,True,1559.363337,1508.8539170613512,86,2.4194807000000003,2.3451223,4871018,4472011,393289,53042,15567,37475,,,
canonical_high,True,high,s2b,S2-B,P,5,p_delta_v1_r5,FINISHED,True,1112.697649,1061.2760429838672,65,1.6711188000000001,1.6075197,3532550,3284469,243726,39620,11863,27757,,,
canonical_high,True,high,s2b,S2-B,PML,1,pml_delta_v1_r1,FINISHED,True,1230.36565,1146.9648980661295,63,2.1659185,1.8143437,3810023,3444440,361429,56515,14007,42508,,,
canonical_high,True,high,s2b,S2-B,PML,2,pml_delta_v1_r2,FINISHED,True,2009.658238,1939.075788503047,80,2.3574098,2.3122415,4836033,4442799,387924,48842,14961,33881,,,
canonical_high,True,high,s2b,S2-B,PML,3,pml_delta_v1_r3,FINISHED,True,1147.564018,1101.9788151900284,57,1.7786327000000004,1.6898221000000004,3797062,3529916,263335,40669,11458,29211,,,
canonical_high,True,high,s2b,S2-B,PML,4,pml_delta_v1_r4,FINISHED,False,566.630578,,28,0.6221401000000001,,1386122,1313123,71095,17797,5385,12412,,,
canonical_high,True,high,s2b,S2-B,PML,5,pml_delta_v1_r5,FINISHED,True,671.362393,625.2640965851024,37,1.2878795000000003,1.2357383000000002,2271149,2050325,218373,32698,8443,24255,,,
canonical_high,True,high,s2b,S2-B,PML-FileOracle,1,file_oracle_delta_v1_r1,FINISHED,True,1203.124303,1163.47262675222,64,1.6970621999999995,1.6385228999999997,3617997,3359616,254094,38133,12760,25373,,,
canonical_high,True,high,s2b,S2-B,PML-FileOracle,2,file_oracle_delta_v1_r2,FINISHED,True,1410.485627,1350.6396119617857,72,1.6953313999999997,1.6144674999999997,3680896,3439297,236768,40589,14609,25980,,,
canonical_high,True,high,s2b,S2-B,PML-FileOracle,3,file_oracle_delta_v1_r3,FINISHED,True,2006.816535,1968.1501874648966,94,2.1660674,2.0880443000000004,5687036,5425517,255192,43033,12454,30579,,,
canonical_high,True,high,s2b,S2-B,PML-FileOracle,4,file_oracle_delta_v1_r4,FINISHED,True,1812.354122,1747.2570080669975,92,2.4327422000000007,2.3732918000000005,5216620,4831976,378518,50780,16827,33953,,,
canonical_high,True,high,s2b,S2-B,PML-FileOracle,5,file_oracle_delta_v1_r5,FINISHED,True,958.841525,916.3225477617234,55,1.6663724999999998,1.5625069999999999,3413749,3159875,250199,40155,12593,27562,,,
canonical_high,True,high,case017,Case 017,P,1,p_case017_delta_v1_r1,FINISHED,True,1424.993864,1319.4009117097594,106,2.2883260999999986,2.0408284999999995,6380481,6124163,249175,42627,13745,28882,,,
canonical_high,True,high,case017,Case 017,P,2,p_case017_delta_v1_r2,FINISHED,True,724.269899,684.1434620430082,38,1.0003494000000002,0.9333339000000002,2207517,2111957,92976,34035,11607,22428,,,
canonical_high,True,high,case017,Case 017,P,3,p_case017_delta_v1_r3,FINISHED,True,1160.834273,1061.006906313356,50,1.3466521999999994,1.0638568999999998,2812928,2617161,192432,33547,11894,21653,,,
canonical_high,True,high,case017,Case 017,P,4,p_case017_delta_v1_r4,FINISHED,True,1105.979415,1033.8437670166604,50,1.3681248000000001,1.0736281000000003,2934720,2743899,187486,34396,12011,22385,,,
canonical_high,True,high,case017,Case 017,P,5,p_case017_delta_v1_r5,FINISHED,True,968.509805,937.3607424329966,53,1.4418389,1.4145479000000003,3089298,2880342,205417,34515,9959,24556,,,
canonical_high,True,high,case017,Case 017,PML,1,pml_case017_delta_v1_r1,FINISHED,True,612.968266,543.992966044927,36,1.2230974999999997,1.1069116,1812147,1582595,227169,33389,10709,22680,,,
canonical_high,True,high,case017,Case 017,PML,2,pml_case017_delta_v1_r2,FINISHED,True,715.782736,649.9496716210124,49,1.5707569,1.4735542,3161989,2916127,242595,37451,10790,26661,,,
canonical_high,True,high,case017,Case 017,PML,3,pml_case017_delta_v1_r3,FINISHED,True,599.689883,517.8897622167133,31,0.8091308000000001,0.6950468000000001,1889841,1805599,82134,23846,7911,15935,,,
canonical_high,True,high,case017,Case 017,PML,4,pml_case017_delta_v1_r4,FINISHED,True,982.704715,911.4431385030039,44,1.3670277000000002,1.3205417000000002,2330819,2093481,234411,35645,9822,25823,,,
canonical_high,True,high,case017,Case 017,PML,5,pml_case017_delta_v1_r5,FINISHED,True,626.620555,539.0298793809488,23,0.7621819000000002,0.6503386,1498840,1404707,92569,24669,7436,17233,,,
canonical_high,True,high,case017,Case 017,PML-FileOracle,1,file_oracle_case017_delta_v1_r1,FINISHED,True,576.856809,524.9908442399465,36,0.7956051999999998,0.6831735999999998,1963704,1884696,76560,22237,6831,15406,,,
canonical_high,True,high,case017,Case 017,PML-FileOracle,2,file_oracle_case017_delta_v1_r2,FINISHED,True,737.648172,663.9651976511814,30,0.8099523999999999,0.7334879999999999,1790594,1707162,81392,26096,9286,16810,,,
canonical_high,True,high,case017,Case 017,PML-FileOracle,3,file_oracle_case017_delta_v1_r3,FINISHED,True,494.989682,463.081827302929,26,0.7312604,0.6680008000000001,1508249,1424147,82334,23706,6632,17074,,,
canonical_high,True,high,case017,Case 017,PML-FileOracle,4,file_oracle_case017_delta_v1_r4,FINISHED,True,794.39295,746.2394976769574,35,0.9092705999999998,0.8217559999999998,2140495,2051503,86612,27768,10671,17097,,,
canonical_high,True,high,case017,Case 017,PML-FileOracle,5,file_oracle_case017_delta_v1_r5,FINISHED,True,584.729635,531.3123981487006,23,0.6240158,0.5532311000000001,1214125,1139089,73472,20939,5772,15167,,,
canonical_high,True,high,case019,Case 019,P,1,p_case019_delta_v1_r1,FINISHED,False,837.485677,,42,1.0130881,,2524166,2438943,82367,31367,16437,14930,,,
canonical_high,True,high,case019,Case 019,P,2,p_case019_delta_v1_r2,FINISHED,False,479.858602,,23,0.5596283999999999,,1109587,1038577,69446,17517,8239,9278,,,
canonical_high,True,high,case019,Case 019,P,3,p_case019_delta_v1_r3,FINISHED,False,1945.146524,,86,2.3041689999999995,,5775593,5502240,267570,52323,23533,28790,,,
canonical_high,True,high,case019,Case 019,P,4,p_case019_delta_v1_r4,FINISHED,False,766.247135,,36,0.8914321,,2059971,1967318,90205,26756,14253,12503,,,
canonical_high,True,high,case019,Case 019,P,5,p_case019_delta_v1_r5,FINISHED,False,2048.341753,,80,2.0391178999999995,,4842252,4594002,242875,50238,19431,30807,,,
canonical_high,True,high,case019,Case 019,PML,1,pml_case019_delta_v1_r1,FINISHED,False,1999.226873,,124,4.745509300000002,,8283460,7313464,961889,86188,27399,58789,,,
canonical_high,True,high,case019,Case 019,PML,2,pml_case019_delta_v1_r2,FINISHED,True,1536.769946,1491.8150160307996,111,3.246131999999999,3.203511299999999,6757903,6190730,559820,59373,16844,42529,,,
canonical_high,True,high,case019,Case 019,PML,3,pml_case019_delta_v1_r3,FINISHED,True,1733.179854,1644.5009340739343,111,3.918736499999999,3.8188628999999987,6978090,6227115,743687,79952,19695,60257,,,
canonical_high,True,high,case019,Case 019,PML,4,pml_case019_delta_v1_r4,FINISHED,True,2554.605121,2503.5717993108556,159,5.2490323,5.1755569999999995,10356107,9419179,926441,102812,32396,70416,,,
canonical_high,True,high,case019,Case 019,PML,5,pml_case019_delta_v1_r5,FINISHED,False,616.429291,,54,1.6393624000000004,,3695164,3420067,271490,26941,8454,18487,,,
canonical_high,True,high,case019,Case 019,PML-FileOracle,1,file_oracle_case019_delta_v1_r1,FINISHED,True,2103.830726,2046.3320890530013,118,3.6022254,3.5256344,7714385,7119262,587294,69448,23834,45614,,,
canonical_high,True,high,case019,Case 019,PML-FileOracle,2,file_oracle_case019_delta_v1_r2,FINISHED,True,2236.399657,2175.135401587002,130,3.9125758999999984,3.884997399999999,7538976,6819767,710629,75489,22864,52625,,,
canonical_high,True,high,case019,Case 019,PML-FileOracle,3,file_oracle_case019_delta_v1_r3,FINISHED,True,1905.255414,1862.304885905236,107,3.7110451999999987,3.6774973999999987,6647797,5925891,714890,72461,16913,55548,,,
canonical_high,True,high,case019,Case 019,PML-FileOracle,4,file_oracle_case019_delta_v1_r4,FINISHED,True,2663.251743,2568.1250110240653,151,4.858428999999999,4.7953622,9250103,8326790,913370,88976,28876,60100,,,
canonical_high,True,high,case019,Case 019,PML-FileOracle,5,file_oracle_case019_delta_v1_r5,FINISHED,True,2157.623546,2088.9191867951304,133,4.289670699999999,4.197660999999999,8037236,7263451,765001,90691,32676,58015,,,
canonical_high,True,high,case024,Case 024,P,1,p_case024_delta_v1_r1,FINISHED,True,1445.125509,1367.634128,64,1.7188316,1.6285901,3550886,3292813,253786,41723,11111,30612,,,
canonical_high,True,high,case024,Case 024,P,2,p_case024_delta_v1_r2,FINISHED,True,1308.126381,1242.935094,64,1.8984219,1.8124802,4236359,3960927,271145,41980,11661,30319,,,
canonical_high,True,high,case024,Case 024,P,3,p_case024_delta_v1_r3,FINISHED,True,1563.808098,1474.598193,71,1.9131872,1.7898093,4567107,4300556,261788,38908,12044,26864,,,
canonical_high,True,high,case024,Case 024,P,4,p_case024_delta_v1_r4,FINISHED,True,941.976462,901.666361,53,1.4959136,1.4372876,3218941,2986578,228824,31946,11635,20311,,,
canonical_high,True,high,case024,Case 024,P,5,p_case024_delta_v1_r5,FINISHED,True,1325.980156,1250.112848,61,1.7719198,1.6786246,3690342,3429719,256540,43646,14457,29189,,,
canonical_high,True,high,case024,Case 024,PML,1,pml_case024_delta_v1_r1,FINISHED,True,519.722535,487.274904,36,1.0430655,0.9976545,1595354,1383960,209011,23898,5732,18166,,,
canonical_high,True,high,case024,Case 024,PML,2,pml_case024_delta_v1_r2,FINISHED,True,839.536174,761.265197,44,1.0420637,0.9115112,3095636,3000861,91783,20645,6569,14076,,,
canonical_high,True,high,case024,Case 024,PML,3,pml_case024_delta_v1_r3,FINISHED,True,454.89288,402.602567,26,0.6563182,0.5584802,1420995,1344711,74516,19755,4410,15345,,,
canonical_high,True,high,case024,Case 024,PML,4,pml_case024_delta_v1_r4,FINISHED,True,540.060436,458.140413,31,0.8537805,0.7190382,2167991,2074710,91173,20669,5875,14794,,,
canonical_high,True,high,case024,Case 024,PML,5,pml_case024_delta_v1_r5,FINISHED,True,536.807013,487.438477,22,0.6834717,0.617371,1355498,1267611,86391,21098,5426,15672,,,
canonical_high,True,high,case024,Case 024,PML-FileOracle,1,file_oracle_case024_delta_v1_r1,FINISHED,True,634.645856,,36,0.9470248,,2325603,2231469,91686,26662,8274,18388,,,
canonical_high,True,high,case024,Case 024,PML-FileOracle,2,file_oracle_case024_delta_v1_r2,FINISHED,True,644.406525,593.475765,46,1.221275,1.1857979,2469648,2259145,207440,24472,8188,16284,,,
canonical_high,True,high,case024,Case 024,PML-FileOracle,3,file_oracle_case024_delta_v1_r3,FINISHED,True,526.009136,488.702442,35,0.8515393,0.7695131,2214438,2122659,89399,19875,5178,14697,,,
canonical_high,True,high,case024,Case 024,PML-FileOracle,4,file_oracle_case024_delta_v1_r4,FINISHED,True,703.34214,660.151168,41,1.1763396,1.1388,2343116,2138843,201550,23925,8513,15412,,,
canonical_high,True,high,case024,Case 024,PML-FileOracle,5,file_oracle_case024_delta_v1_r5,FINISHED,True,994.642736,804.687151,41,1.0013768,0.8074158,2834501,2741079,90634,22100,5668,16432,,,
canonical_high,True,high,case025,Case 025,P,1,p_case025_delta_v1_r1,FINISHED,False,1369.345304,,59,1.4766582,,3060393,2845696,210750,37275,20749,16526,,,
canonical_high,True,high,case025,Case 025,P,2,p_case025_delta_v1_r2,FINISHED,False,1672.998198,,60,1.6999226,,3563200,3323613,235572,43824,20316,23508,,,
canonical_high,True,high,case025,Case 025,P,3,p_case025_delta_v1_r3,FINISHED,False,788.178165,,36,0.7468213,,1705124,1634889,67787,24548,11073,13475,,,
canonical_high,True,high,case025,Case 025,P,4,p_case025_delta_v1_r4,FINISHED,False,1020.555663,,39,1.0511274,,2640260,2542342,95266,29919,12999,16920,,,
canonical_high,True,high,case025,Case 025,P,5,p_case025_delta_v1_r5,FINISHED,False,664.220306,,34,0.7997867,,1862378,1777901,82165,23417,10907,12510,,,
canonical_high,True,high,case025,Case 025,PML,1,pml_case025_delta_v1_r1,FINISHED,True,801.188208,,55,1.6674899,,3473360,3198462,271223,34239,8392,25847,,,
canonical_high,True,high,case025,Case 025,PML,2,pml_case025_delta_v1_r2,FINISHED,True,672.752682,,45,1.468594,,2621292,2356895,261402,33772,9108,24664,,,
canonical_high,True,high,case025,Case 025,PML,3,pml_case025_delta_v1_r3,FINISHED,True,755.466232,,55,1.8737893,,3238258,2863509,371139,36602,8057,28545,,,
canonical_high,True,high,case025,Case 025,PML,4,pml_case025_delta_v1_r4,FINISHED,True,702.229636,,46,1.4501835,,2822858,2558700,261095,27958,7732,20226,,,
canonical_high,True,high,case025,Case 025,PML,5,pml_case025_delta_v1_r5,FINISHED,True,740.667424,,46,1.52492,,3065073,2794370,267640,29082,7732,21350,,,
canonical_high,True,high,case025,Case 025,PML-FileOracle,1,file_oracle_case025_delta_v1_r1,FINISHED,True,711.087624,,42,1.4081485,,2589305,2332595,253919,30125,10433,19692,,,
canonical_high,True,high,case025,Case 025,PML-FileOracle,2,file_oracle_case025_delta_v1_r2,FINISHED,True,971.612673,,58,1.4889764,,3252468,3014267,234322,29256,8588,20668,,,
canonical_high,True,high,case025,Case 025,PML-FileOracle,3,file_oracle_case025_delta_v1_r3,FINISHED,True,587.607268,,42,1.149736,,2302378,2105645,193942,23817,6585,17232,,,
canonical_high,True,high,case025,Case 025,PML-FileOracle,4,file_oracle_case025_delta_v1_r4,FINISHED,True,725.746281,,49,1.3888297,,2654139,2410041,240831,29821,7131,22690,,,
canonical_high,True,high,case025,Case 025,PML-FileOracle,5,file_oracle_case025_delta_v1_r5,FINISHED,True,723.097713,,47,1.4630768,,2958316,2697299,257886,27264,7228,20036,,,
canonical_medium,True,medium,s2b,S2-B,P,1,p_s2b_reasoning_medium_v1_r1,FINISHED,True,1162.337807,1096.6943958601914,53,1.3280317000000004,1.2822354,2660429,2457431,199459,33082,9055,24027,0,87,0.0
canonical_medium,True,medium,s2b,S2-B,P,2,p_s2b_reasoning_medium_v1_r2,FINISHED,False,1596.614136,,67,1.2129738999999997,,4202036,4116747,80733,17868,5672,12196,,,
canonical_medium,True,medium,s2b,S2-B,P,3,p_s2b_reasoning_medium_v1_r3,FINISHED,False,330.340838,,20,0.3807415999999999,,747370,692158,53852,10496,3769,6727,,,
canonical_medium,True,medium,s2b,S2-B,P,4,p_s2b_reasoning_medium_v1_r4,FINISHED,False,476.91279,,18,0.39258000000000004,,702043,646085,54734,12408,5683,6725,,,
canonical_medium,True,medium,s2b,S2-B,P,5,p_s2b_reasoning_medium_v1_r5,FINISHED,True,1246.76726,1191.5728811370209,80,1.9137917000000009,1.823913600000001,4491506,4238446,247685,43614,11650,31964,0,129,0.0
canonical_medium,True,medium,s2b,S2-B,PML,1,pml_s2b_reasoning_medium_v1_r1,FINISHED,True,1436.839048,1370.1609787563793,65,1.6941585999999997,1.6183842999999998,3510419,3268518,237546,43788,9359,34429,28,114,0.19718309859154928
canonical_medium,True,medium,s2b,S2-B,PML,2,pml_s2b_reasoning_medium_v1_r2,FINISHED,False,1182.549537,,46,0.9710909,,3107461,3023612,80721,15831,6164,9667,,,
canonical_medium,True,medium,s2b,S2-B,PML,3,pml_s2b_reasoning_medium_v1_r3,FINISHED,False,308.301499,,13,0.3387172,,552504,494996,56624,9639,4474,5165,,,
canonical_medium,True,medium,s2b,S2-B,PML,4,pml_s2b_reasoning_medium_v1_r4,FINISHED,True,1905.394272,1854.4551710342057,76,2.1174619,2.0270757999999995,5080270,4810492,264675,48347,11316,37031,18,130,0.12162162162162163
canonical_medium,True,medium,s2b,S2-B,PML,5,pml_s2b_reasoning_medium_v1_r5,FINISHED,False,546.241851,,30,0.6000796,,1378599,1307973,68586,16294,6426,9868,,,
canonical_medium,True,medium,s2b,S2-B,PML-FileOracle,1,file_oracle_s2b_reasoning_medium_v1_r1,FINISHED,False,289.945636,,12,0.2406191,,389957,348298,40843,6722,2838,3884,,,
canonical_medium,True,medium,s2b,S2-B,PML-FileOracle,2,file_oracle_s2b_reasoning_medium_v1_r2,FINISHED,False,1285.365463,,50,0.8565921999999999,,2618408,2549286,65722,17563,6117,11446,,,
canonical_medium,True,medium,s2b,S2-B,PML-FileOracle,3,file_oracle_s2b_reasoning_medium_v1_r3,FINISHED,False,636.722915,,31,0.5982328000000001,,1344334,1276834,65392,17517,5852,11665,,,
canonical_medium,True,medium,s2b,S2-B,PML-FileOracle,4,file_oracle_s2b_reasoning_medium_v1_r4,FINISHED,True,1205.536752,1152.4097862322815,61,1.5332200000000002,1.4874741000000002,3215670,2990645,220942,37457,8556,28901,17,143,0.10625
canonical_medium,True,medium,s2b,S2-B,PML-FileOracle,5,file_oracle_s2b_reasoning_medium_v1_r5,FINISHED,True,1048.893943,1002.7328063305467,61,1.7418952,1.6526027,3790138,3522221,263834,36970,9784,27186,20,122,0.14084507042253522
canonical_medium,True,medium,case017,Case 017,P,1,p_case017_reasoning_medium_v1_r1,FINISHED,True,1206.259895,1166.9189669578336,65,1.5818501000000005,1.5140623000000002,3331651,3090413,236883,36285,10372,25913,0,60,0.0
canonical_medium,True,medium,case017,Case 017,P,2,p_case017_reasoning_medium_v1_r2,TIMEOUT,False,5400.016911,,166,2.7574182999999985,,11357730,11258449,87993,26317,8533,17784,,,
canonical_medium,True,medium,case017,Case 017,P,3,p_case017_reasoning_medium_v1_r3,FINISHED,True,1174.552876,1135.637596896384,63,1.4984140999999995,1.4786113999999997,3541320,3344068,193033,33858,8113,25745,0,76,0.0
canonical_medium,True,medium,case017,Case 017,P,4,p_case017_reasoning_medium_v1_r4,FINISHED,True,1195.935841,1147.652170188725,63,1.4629432000000004,1.4087055000000002,3009420,2802751,202450,38783,10731,28052,0,74,0.0
canonical_medium,True,medium,case017,Case 017,P,5,p_case017_reasoning_medium_v1_r5,FINISHED,True,1218.838323,1122.8292691949755,57,1.1702401999999998,1.0367566,3286843,3187191,95776,28561,7285,21276,0,76,0.0
canonical_medium,True,medium,case017,Case 017,PML,1,pml_case017_reasoning_medium_v1_r1,FINISHED,True,740.665885,668.7361341454089,33,0.8060098,0.7101249000000001,1976405,1894709,79452,22395,5005,17390,22,66,0.25
canonical_medium,True,medium,case017,Case 017,PML,2,pml_case017_reasoning_medium_v1_r2,FINISHED,True,2602.945545,2283.4125949116424,87,1.6671907,1.4497065,5681840,5583931,91993,30859,6194,24665,59,53,0.5267857142857143
canonical_medium,True,medium,case017,Case 017,PML,3,pml_case017_reasoning_medium_v1_r3,FINISHED,True,727.243055,685.6319041871466,31,0.8532155000000001,0.7850709000000001,1934436,1845135,87193,26199,6416,19783,39,44,0.46987951807228917
canonical_medium,True,medium,case017,Case 017,PML,4,pml_case017_reasoning_medium_v1_r4,FINISHED,True,1258.963467,1188.884659443982,65,1.5751245999999999,1.5293586,3695224,3482673,208196,34939,10249,24690,29,47,0.3815789473684211
canonical_medium,True,medium,case017,Case 017,PML,5,pml_case017_reasoning_medium_v1_r5,FINISHED,True,515.110867,481.5811144961044,31,0.7275220000000002,0.6704334000000002,1664601,1585755,76738,21431,5974,15457,22,47,0.3188405797101449
canonical_medium,True,medium,case017,Case 017,PML-FileOracle,1,file_oracle_case017_reasoning_medium_v1_r1,FINISHED,True,590.870144,550.4000626262277,28,0.608846,0.5395475000000001,1238868,1172740,64224,20993,5896,15097,20,40,0.3333333333333333
canonical_medium,True,medium,case017,Case 017,PML-FileOracle,2,file_oracle_case017_reasoning_medium_v1_r2,TIMEOUT,False,5400.049456,,182,2.8716617000000024,,11796439,11696186,87877,28798,9022,19776,,,
canonical_medium,True,medium,case017,Case 017,PML-FileOracle,3,file_oracle_case017_reasoning_medium_v1_r3,FINISHED,True,740.146466,672.505676439032,34,0.7814280999999998,0.6820287999999998,1921463,1842158,76993,21589,5617,15972,22,48,0.3142857142857143
canonical_medium,True,medium,case017,Case 017,PML-FileOracle,4,file_oracle_case017_reasoning_medium_v1_r4,FINISHED,True,676.866659,599.2132335389033,40,0.8756543999999997,0.7631350999999998,2337220,2256072,78428,22293,6350,15943,22,37,0.3728813559322034
canonical_medium,True,medium,case017,Case 017,PML-FileOracle,5,file_oracle_case017_reasoning_medium_v1_r5,FINISHED,True,862.710814,829.7599805290811,63,1.4953500000000004,1.4577088000000002,3451595,3250860,196516,34545,10388,24157,20,53,0.273972602739726
canonical_medium,True,medium,case019,Case 019,P,1,p_case019_reasoning_medium_v1_r1,FINISHED,False,215.889623,,11,0.2471931,,340780,296923,43109,7854,2861,4993,,,
canonical_medium,True,medium,case019,Case 019,P,2,p_case019_reasoning_medium_v1_r2,FINISHED,False,646.131046,,31,0.6246761999999999,,1494100,1427026,64966,17264,5657,11607,,,
canonical_medium,True,medium,case019,Case 019,P,3,p_case019_reasoning_medium_v1_r3,FINISHED,False,347.388698,,22,0.4636571,,973342,911913,59933,12845,4173,8672,,,
canonical_medium,True,medium,case019,Case 019,P,4,p_case019_reasoning_medium_v1_r4,FINISHED,False,502.573582,,24,0.4968604999999999,,1151819,1087670,62517,11977,4967,7010,,,
canonical_medium,True,medium,case019,Case 019,P,5,p_case019_reasoning_medium_v1_r5,FINISHED,False,248.795082,,15,0.2835046,,484377,439473,43884,8386,2978,5408,,,
canonical_medium,True,medium,case019,Case 019,PML,1,pml_case019_reasoning_medium_v1_r1,FINISHED,False,1386.300315,,87,2.5446634999999986,,5634975,5187770,441419,39199,12466,26733,,,
canonical_medium,True,medium,case019,Case 019,PML,2,pml_case019_reasoning_medium_v1_r2,FINISHED,False,777.554172,,44,1.3316532,,2644589,2401746,239916,24566,6360,18206,,,
canonical_medium,True,medium,case019,Case 019,PML,3,pml_case019_reasoning_medium_v1_r3,FINISHED,False,906.091229,,70,2.1004210999999997,,4198822,3784143,410049,30921,5915,25006,,,
canonical_medium,True,medium,case019,Case 019,PML,4,pml_case019_reasoning_medium_v1_r4,FINISHED,False,482.447535,,44,1.2990398000000003,,2645184,2386829,255428,17725,4575,13150,,,
canonical_medium,True,medium,case019,Case 019,PML,5,pml_case019_reasoning_medium_v1_r5,FINISHED,False,1141.626829,,83,2.474396,,5271839,4829115,437210,40452,9440,31012,,,
canonical_medium,True,medium,case019,Case 019,PML-FileOracle,1,file_oracle_case019_reasoning_medium_v1_r1,FINISHED,False,289.742132,,22,0.5745723,,1344084,1260439,82149,11412,3123,8289,,,
canonical_medium,True,medium,case019,Case 019,PML-FileOracle,2,file_oracle_case019_reasoning_medium_v1_r2,FINISHED,False,2496.116898,,111,2.4316689000000014,,7649959,7381777,260699,28860,7831,21029,,,
canonical_medium,True,medium,case019,Case 019,PML-FileOracle,3,file_oracle_case019_reasoning_medium_v1_r3,FINISHED,False,2644.503415,,93,1.7057299000000006,,6713788,6617647,89817,14501,4142,10359,,,
canonical_medium,True,medium,case019,Case 019,PML-FileOracle,4,file_oracle_case019_reasoning_medium_v1_r4,FINISHED,False,383.271041,,28,0.6552525,,1784224,1698385,83935,10193,3042,7151,,,
canonical_medium,True,medium,case019,Case 019,PML-FileOracle,5,file_oracle_case019_reasoning_medium_v1_r5,FINISHED,False,1700.132022,,99,2.7988501000000006,,6311203,5878568,426033,54485,17346,37139,,,
canonical_medium,True,medium,case024,Case 024,P,1,p_case024_reasoning_medium_v1_r1,FINISHED,True,1255.219642,1188.0004244120792,56,1.5154530000000002,1.4397134,2997427,2762410,231274,37730,9768,27962,0,84,0.0
canonical_medium,True,medium,case024,Case 024,P,2,p_case024_reasoning_medium_v1_r2,FINISHED,True,1031.666929,966.5715036722831,61,1.5800047000000002,1.4956770000000001,3377901,3132581,241237,34223,8175,26048,0,79,0.0
canonical_medium,True,medium,case024,Case 024,P,3,p_case024_reasoning_medium_v1_r3,FINISHED,True,1188.278222,1131.9843318318017,42,1.2972412999999994,1.2342575999999992,2063495,1830009,230695,34892,8174,26718,0,69,0.0
canonical_medium,True,medium,case024,Case 024,P,4,p_case024_reasoning_medium_v1_r4,TIMEOUT,False,5400.022796,,287,5.090519299999998,,17653552,17240299,393867,61902,18617,43285,,,
canonical_medium,True,medium,case024,Case 024,P,5,p_case024_reasoning_medium_v1_r5,FINISHED,True,1352.041164,1277.3461832390167,65,1.4919675000000003,1.4341105,3295415,3077575,213485,33403,8105,25298,0,87,0.0
canonical_medium,True,medium,case024,Case 024,PML,1,pml_case024_reasoning_medium_v1_r1,FINISHED,True,949.218168,905.4351857011206,49,1.2229861999999998,1.1797787999999998,2453697,2250136,200294,26569,6653,19916,39,60,0.3939393939393939
canonical_medium,True,medium,case024,Case 024,PML,2,pml_case024_reasoning_medium_v1_r2,FINISHED,True,582.398454,516.561180787161,37,0.8125014000000002,0.6919046000000001,2233941,2149697,81728,17321,5379,11942,82,49,0.6259541984732825
canonical_medium,True,medium,case024,Case 024,PML,3,pml_case024_reasoning_medium_v1_r3,FINISHED,True,389.772551,328.34297861810774,21,0.6259905000000001,0.5419378000000001,1256107,1171710,82969,18137,3439,14698,43,44,0.4942528735632184
canonical_medium,True,medium,case024,Case 024,PML,4,pml_case024_reasoning_medium_v1_r4,FINISHED,True,2637.123627,2296.4975199298933,94,1.6117756999999997,1.3978882,6047448,5958421,82635,20072,4997,15075,55,60,0.4782608695652174
canonical_medium,True,medium,case024,Case 024,PML,5,pml_case024_reasoning_medium_v1_r5,FINISHED,True,520.009153,475.758632005658,24,0.5612035999999999,0.5084567999999999,1255835,1186173,68030,15063,3798,11265,55,58,0.48672566371681414
canonical_medium,True,medium,case024,Case 024,PML-FileOracle,1,file_oracle_case024_reasoning_medium_v1_r1,FINISHED,True,586.237878,519.3524656021036,22,0.6904091,0.6023804,1390110,1298773,89841,20306,5476,14830,79,44,0.6422764227642277
canonical_medium,True,medium,case024,Case 024,PML-FileOracle,2,file_oracle_case024_reasoning_medium_v1_r2,FINISHED,True,636.440177,599.3234591279179,34,0.7721910999999999,0.7315422999999999,1892707,1813348,77047,21228,4867,16361,38,58,0.3958333333333333
canonical_medium,True,medium,case024,Case 024,PML-FileOracle,3,file_oracle_case024_reasoning_medium_v1_r3,FINISHED,True,734.617392,689.3619304909371,36,0.8627412999999998,0.7951152999999999,2214882,2123439,88995,21067,4853,16214,55,55,0.5
canonical_medium,True,medium,case024,Case 024,PML-FileOracle,4,file_oracle_case024_reasoning_medium_v1_r4,FINISHED,True,2867.112613,2364.2661996781826,48,0.9293586999999999,0.8370388,2706171,2625316,77591,20379,3632,16747,55,54,0.5045871559633027
canonical_medium,True,medium,case024,Case 024,PML-FileOracle,5,file_oracle_case024_reasoning_medium_v1_r5,FINISHED,True,567.009064,533.4490327001549,27,0.7123262,0.6701735,1501531,1420471,79224,22650,5209,17441,38,41,0.4810126582278481
canonical_medium,True,medium,case025,Case 025,P,1,p_case025_reasoning_medium_v1_r1,FINISHED,False,386.496427,,19,0.42679010000000006,,837038,772043,63703,11054,3893,7161,,,
canonical_medium,True,medium,case025,Case 025,P,2,p_case025_reasoning_medium_v1_r2,FINISHED,False,1389.721883,,52,0.6869568999999999,,2161948,2105037,53375,12544,5394,7150,,,
canonical_medium,True,medium,case025,Case 025,P,3,p_case025_reasoning_medium_v1_r3,FINISHED,False,680.658777,,36,0.8604684,,2236083,2143837,89798,20231,7211,13020,,,
canonical_medium,True,medium,case025,Case 025,P,4,p_case025_reasoning_medium_v1_r4,FINISHED,False,637.62769,,21,0.5003482,,846216,787386,57402,19651,7616,12035,,,
canonical_medium,True,medium,case025,Case 025,P,5,p_case025_reasoning_medium_v1_r5,FINISHED,False,487.04959,,27,0.4918240000000001,,1177115,1116885,58394,11879,5300,6579,,,
canonical_medium,True,medium,case025,Case 025,PML,1,pml_case025_reasoning_medium_v1_r1,FINISHED,True,780.782507,649.1276830267161,38,1.2354794000000002,1.1289488000000003,2094314,1854707,237088,26678,5698,20980,378,31,0.9242053789731052
canonical_medium,True,medium,case025,Case 025,PML,2,pml_case025_reasoning_medium_v1_r2,FINISHED,True,774.581594,738.3097642515786,40,1.2900159,1.243192,2301986,2060292,239039,27505,4836,22669,363,33,0.9166666666666666
canonical_medium,True,medium,case025,Case 025,PML,3,pml_case025_reasoning_medium_v1_r3,FINISHED,True,714.181773,648.6665110439062,49,1.3318671,1.2482243,2541819,2298503,240049,26551,6424,20127,364,31,0.9215189873417722
canonical_medium,True,medium,case025,Case 025,PML,4,pml_case025_reasoning_medium_v1_r4,FINISHED,True,768.189166,709.3718793191947,45,1.2971059,1.2267975,2334900,2099842,232063,29099,6410,22689,362,36,0.9095477386934674
canonical_medium,True,medium,case025,Case 025,PML,5,pml_case025_reasoning_medium_v1_r5,FINISHED,True,541.338219,452.78742227423936,32,1.090087,0.7681842,2096787,1899850,194826,21883,3980,17903,370,36,0.9113300492610837
canonical_medium,True,medium,case025,Case 025,PML-FileOracle,1,file_oracle_case025_reasoning_medium_v1_r1,FINISHED,True,921.559291,812.4421096714213,52,1.4977633999999995,1.3752692999999996,3031044,2769357,258216,29141,6692,22449,383,15,0.9623115577889447
canonical_medium,True,medium,case025,Case 025,PML-FileOracle,2,file_oracle_case025_reasoning_medium_v1_r2,FINISHED,True,1191.192689,1092.0875174370594,61,1.5962809999999998,1.4994332999999997,3581685,3336900,240702,31898,8084,23814,374,36,0.9121951219512195
canonical_medium,True,medium,case025,Case 025,PML-FileOracle,3,file_oracle_case025_reasoning_medium_v1_r3,FINISHED,True,686.729199,659.282310562674,52,1.3975172999999999,1.3462634,2859987,2616189,240327,26652,5927,20725,378,27,0.9333333333333333
canonical_medium,True,medium,case025,Case 025,PML-FileOracle,4,file_oracle_case025_reasoning_medium_v1_r4,FINISHED,True,852.713579,798.543577149976,50,1.4344016999999993,1.3676952999999994,2918688,2674496,240857,29069,8349,20720,384,28,0.9320388349514563
canonical_medium,True,medium,case025,Case 025,PML-FileOracle,5,file_oracle_case025_reasoning_medium_v1_r5,FINISHED,True,937.546812,858.6872280449606,45,1.4086746999999995,1.3240496999999998,2594016,2344886,246135,31837,7512,24325,361,40,0.9002493765586035
no_canonical_high,False,high,s2b,S2-B,P,1,p_s2b_nocanonical_v1_r1,FINISHED,True,1709.797372,1610.186740289908,62,1.3279283,1.2001912999999997,3533027,3437044,91767,40267,16070,24197,0,101,0.0
no_canonical_high,False,high,s2b,S2-B,P,2,p_s2b_nocanonical_v1_r2,FINISHED,True,1954.394743,1899.1119026648812,75,1.9511314000000004,1.8675121000000003,4373429,4108232,260162,46901,15861,31040,0,96,0.0
no_canonical_high,False,high,s2b,S2-B,P,3,p_s2b_nocanonical_v1_r3,FINISHED,True,1262.810631,1156.3908050237224,64,1.6858681000000004,1.5845289000000007,3798154,3557558,236309,37501,12795,24706,0,78,0.0
no_canonical_high,False,high,s2b,S2-B,P,4,p_s2b_nocanonical_v1_r4,FINISHED,False,456.819768,,16,0.4252051,,631301,576158,54055,17266,12201,5065,,,
no_canonical_high,False,high,s2b,S2-B,P,5,p_s2b_nocanonical_v1_r5,FINISHED,True,2556.674504,2511.7485153293237,108,2.9055796000000007,2.829242700000001,6155661,5737633,410814,71659,29622,42037,0,100,0.0
no_canonical_high,False,high,s2b,S2-B,PML,1,pml_s2b_nocanonical_v1_r1,FINISHED,True,1420.152817,1358.2859321101569,58,1.5820557000000004,1.5121014000000002,3268768,3030576,234313,38240,16710,21530,18,84,0.17647058823529413
no_canonical_high,False,high,s2b,S2-B,PML,2,pml_s2b_nocanonical_v1_r2,FINISHED,True,1918.565503,1834.7046807738952,68,2.0703262,1.938023,4730173,4456616,268998,49739,18823,30916,19,84,0.18446601941747573
no_canonical_high,False,high,s2b,S2-B,PML,3,pml_s2b_nocanonical_v1_r3,FINISHED,True,1239.06009,1176.1379527039826,55,1.6148103000000005,1.5438028000000004,3171152,2931314,236163,43079,18594,24485,18,115,0.13533834586466165
no_canonical_high,False,high,s2b,S2-B,PML,4,pml_s2b_nocanonical_v1_r4,FINISHED,True,958.278676,909.3448081868701,58,1.6258184000000004,1.5351059000000005,3290838,3041577,245382,39629,14639,24990,19,107,0.15079365079365079
no_canonical_high,False,high,s2b,S2-B,PML,5,pml_s2b_nocanonical_v1_r5,FINISHED,True,784.464538,745.1953675607219,41,1.2773519999999994,1.2258400999999997,2197506,1979405,215378,33758,9441,24317,20,108,0.15625
no_canonical_high,False,high,s2b,S2-B,PML-FileOracle,1,file_oracle_s2b_nocanonical_v1_r1,FINISHED,True,1355.351296,1300.5796646610834,52,1.5122144000000002,1.4401356,2684038,2438937,241630,41341,12707,28634,19,103,0.1557377049180328
no_canonical_high,False,high,s2b,S2-B,PML-FileOracle,2,file_oracle_s2b_nocanonical_v1_r2,FINISHED,True,1755.371154,1719.6925891670398,62,1.773149999999999,1.711575699999999,3822574,3555965,262458,39751,13949,25802,19,89,0.17592592592592593
no_canonical_high,False,high,s2b,S2-B,PML-FileOracle,3,file_oracle_s2b_nocanonical_v1_r3,FINISHED,True,1032.409391,964.4107856010087,43,1.2764431,0.9741680999999999,2612770,2421488,188423,31537,12157,19380,28,105,0.21052631578947367
no_canonical_high,False,high,s2b,S2-B,PML-FileOracle,4,file_oracle_s2b_nocanonical_v1_r4,FINISHED,True,987.132237,937.2633199319243,47,1.5591722000000001,1.4816582,2956333,2701776,251426,38399,14299,24100,19,124,0.13286713286713286
no_canonical_high,False,high,s2b,S2-B,PML-FileOracle,5,file_oracle_s2b_nocanonical_v1_r5,FINISHED,True,1160.541997,1122.789469785057,65,1.5774363000000005,1.5491375000000005,3220372,2991894,224123,41004,15822,25182,29,107,0.21323529411764705
no_canonical_high,False,high,case017,Case 017,P,1,p_case017_nocanonical_v1_r1,FINISHED,True,1072.771078,978.7551076160744,42,1.0744793999999995,0.9440383999999996,2737200,2641762,92582,30896,11019,19877,0,67,0.0
no_canonical_high,False,high,case017,Case 017,P,2,p_case017_nocanonical_v1_r2,FINISHED,True,1730.834868,1637.3530080378987,76,1.3104654000000004,1.2049126000000003,3956111,3869347,86536,31980,10674,21306,0,61,0.0
no_canonical_high,False,high,case017,Case 017,P,3,p_case017_nocanonical_v1_r3,FINISHED,True,783.797704,737.7136943419464,37,0.9418329999999998,0.8400508999999998,2156234,2061280,92438,29345,10607,18738,0,51,0.0
no_canonical_high,False,high,case017,Case 017,P,4,p_case017_nocanonical_v1_r4,FINISHED,True,1765.056291,1703.4725449131802,120,2.3833498,2.237384,6825831,6577474,240262,45101,13626,31475,0,67,0.0
no_canonical_high,False,high,case017,Case 017,P,5,p_case017_nocanonical_v1_r5,FINISHED,True,774.12446,740.9309509140439,43,0.9848965,0.9117965,2421820,2326905,91991,28369,8810,19559,0,63,0.0
no_canonical_high,False,high,case017,Case 017,PML,1,pml_case017_nocanonical_v1_r1,FINISHED,True,956.988477,902.0490575479344,43,1.3633747,1.3031146,2342257,2096121,243277,33024,9145,23879,60,70,0.46153846153846156
no_canonical_high,False,high,case017,Case 017,PML,2,pml_case017_nocanonical_v1_r2,FINISHED,True,859.744849,812.7397510721348,25,1.0406624,1.0102362999999999,1259559,1045912,212012,29818,8337,21481,88,54,0.6197183098591549
no_canonical_high,False,high,case017,Case 017,PML,3,pml_case017_nocanonical_v1_r3,FINISHED,True,526.361947,416.6488184980117,27,0.9630488,0.6467224,1412490,1215809,194910,22907,6617,16290,24,47,0.3380281690140845
no_canonical_high,False,high,case017,Case 017,PML,4,pml_case017_nocanonical_v1_r4,FINISHED,True,652.678879,611.4723614780232,33,1.1633677,1.1238557,1789964,1575936,211849,31420,8605,22815,58,66,0.46774193548387094
no_canonical_high,False,high,case017,Case 017,PML,5,pml_case017_nocanonical_v1_r5,FINISHED,True,529.741728,448.0852931267582,24,0.7196788999999998,0.5923436999999999,1387135,1305962,79541,25637,8376,17261,20,43,0.31746031746031744
no_canonical_high,False,high,case017,Case 017,PML-FileOracle,1,file_oracle_case017_nocanonical_v1_r1,FINISHED,True,756.852091,707.2237463672645,26,0.7431323000000002,0.6435493,1577395,1491444,84183,23085,8012,15073,55,50,0.5238095238095238
no_canonical_high,False,high,case017,Case 017,PML-FileOracle,2,file_oracle_case017_nocanonical_v1_r2,FINISHED,True,722.935809,588.6865329099819,37,0.8873136,0.7205717000000001,2215197,2132183,80498,25460,10229,15231,28,35,0.4444444444444444
no_canonical_high,False,high,case017,Case 017,PML-FileOracle,3,file_oracle_case017_nocanonical_v1_r3,FINISHED,True,672.219931,614.4189107902348,26,0.7326841999999998,0.6590837999999999,1495825,1415241,78816,24906,10087,14819,22,41,0.3492063492063492
no_canonical_high,False,high,case017,Case 017,PML-FileOracle,4,file_oracle_case017_nocanonical_v1_r4,FINISHED,True,552.879821,474.07920108316466,27,0.6578512000000001,0.5498561,1326731,1256121,68774,23102,7567,15535,20,28,0.4166666666666667
no_canonical_high,False,high,case017,Case 017,PML-FileOracle,5,file_oracle_case017_nocanonical_v1_r5,FINISHED,True,861.376407,807.7337117689895,47,1.1594221,1.0707920000000002,3210220,3111413,95611,29172,11654,17518,57,37,0.6063829787234043
no_canonical_high,False,high,case019,Case 019,P,1,p_case019_nocanonical_v1_r1,FINISHED,False,1087.668052,,55,1.5727913000000004,,2929492,2667544,258273,38625,18623,20002,,,
no_canonical_high,False,high,case019,Case 019,P,2,p_case019_nocanonical_v1_r2,FINISHED,False,702.376542,,20,0.47282979999999997,,701034,648424,51250,21230,12604,8626,,,
no_canonical_high,False,high,case019,Case 019,P,3,p_case019_nocanonical_v1_r3,FINISHED,False,994.958803,,47,1.4648664999999998,,2535507,2275585,256791,36151,20565,15586,,,
no_canonical_high,False,high,case019,Case 019,P,4,p_case019_nocanonical_v1_r4,FINISHED,False,872.055019,,43,1.2430253999999998,,2473192,2269837,200496,28210,11271,16939,,,
no_canonical_high,False,high,case019,Case 019,P,5,p_case019_nocanonical_v1_r5,FINISHED,False,715.8366,,30,0.754622,,1736572,1648460,86072,20567,8995,11572,,,
no_canonical_high,False,high,case019,Case 019,PML,1,pml_case019_nocanonical_v1_r1,FINISHED,True,1953.081773,1883.9765327945352,133,4.509193399999999,4.391245399999999,8573998,7764752,800462,93752,36011,57741,538,99,0.8445839874411303
no_canonical_high,False,high,case019,Case 019,PML,2,pml_case019_nocanonical_v1_r2,FINISHED,False,249.737467,,24,0.6620129999999999,,1721200,1624870,94698,9703,3429,6274,,,
no_canonical_high,False,high,case019,Case 019,PML,3,pml_case019_nocanonical_v1_r3,FINISHED,False,1378.603759,,84,3.0431279,,5562512,4941432,615563,50490,15745,34745,,,
no_canonical_high,False,high,case019,Case 019,PML,4,pml_case019_nocanonical_v1_r4,FINISHED,True,2887.413404,2798.5468364832923,141,4.791473299999997,4.696841299999997,8534815,7600749,924803,94079,29008,65071,682,79,0.8961892247043364
no_canonical_high,False,high,case019,Case 019,PML,5,pml_case019_nocanonical_v1_r5,FINISHED,False,1815.692385,,120,4.439013700000001,,7657716,6690456,959425,68669,20834,47835,,,
no_canonical_high,False,high,case019,Case 019,PML-FileOracle,1,file_oracle_case019_nocanonical_v1_r1,FINISHED,True,1994.345403,1952.3148109740578,95,3.091418,3.0677531,6087700,5539365,542070,61584,19999,41585,542,74,0.8798701298701299
no_canonical_high,False,high,case019,Case 019,PML-FileOracle,2,file_oracle_case019_nocanonical_v1_r2,FINISHED,True,2192.092459,2070.724575225264,156,4.077631800000002,3.8824984000000007,9979901,9390654,578834,73159,23811,49348,544,3,0.9945155393053017
no_canonical_high,False,high,case019,Case 019,PML-FileOracle,3,file_oracle_case019_nocanonical_v1_r3,FINISHED,False,894.25392,,46,1.5452864000000002,,3062078,2780277,278738,28626,12297,16329,,,
no_canonical_high,False,high,case019,Case 019,PML-FileOracle,4,file_oracle_case019_nocanonical_v1_r4,FINISHED,True,2571.578241,2538.091769364197,130,4.277221099999999,4.240179899999999,8097196,7345543,743073,93327,34168,59159,543,93,0.8537735849056604
no_canonical_high,False,high,case019,Case 019,PML-FileOracle,5,file_oracle_case019_nocanonical_v1_r5,FINISHED,True,3497.998769,3379.834344483912,153,4.433577,4.317591199999999,8887201,8130345,746712,92044,31278,60766,542,142,0.7923976608187134
no_canonical_high,False,high,case024,Case 024,P,1,p_case024_nocanonical_v1_r1,FINISHED,True,1206.053833,1143.700806581881,61,1.5331613,1.4665895999999998,3260255,3033789,222383,36228,13346,22882,0,80,0.0
no_canonical_high,False,high,case024,Case 024,P,2,p_case024_nocanonical_v1_r2,FINISHED,True,1653.730214,1577.96330919303,66,1.5445730000000002,1.4840057000000002,3317801,3094660,218718,37000,14651,22349,0,78,0.0
no_canonical_high,False,high,case024,Case 024,P,3,p_case024_nocanonical_v1_r3,FINISHED,True,1198.86823,1150.1541818035766,69,1.5782458000000008,1.5183680000000006,3398979,3173734,220618,38270,14265,24005,0,80,0.0
no_canonical_high,False,high,case024,Case 024,P,4,p_case024_nocanonical_v1_r4,FINISHED,True,1186.210365,1117.78974632686,58,1.4408427,1.4064535999999999,3122652,2925386,193387,36454,13413,23041,0,112,0.0
no_canonical_high,False,high,case024,Case 024,P,5,p_case024_nocanonical_v1_r5,FINISHED,True,1080.310215,1019.9520570528693,58,1.6086108999999997,1.5662243999999996,3479429,3246927,228623,37991,14436,23555,0,90,0.0
no_canonical_high,False,high,case024,Case 024,PML,1,pml_case024_nocanonical_v1_r1,FINISHED,True,434.076409,383.9828595309518,23,0.8788983000000001,0.8468083000000001,1083027,887939,193589,21434,6609,14825,85,46,0.648854961832061
no_canonical_high,False,high,case024,Case 024,PML,2,pml_case024_nocanonical_v1_r2,FINISHED,True,594.134653,538.6463393539889,30,0.8349585999999997,0.7136565999999998,2079210,1982868,94302,19855,6001,13854,80,48,0.625
no_canonical_high,False,high,case024,Case 024,PML,3,pml_case024_nocanonical_v1_r3,FINISHED,True,622.350809,575.7871349509805,35,1.1686780999999997,1.1205011999999999,1881478,1661478,217685,28754,7881,20873,43,60,0.4174757281553398
no_canonical_high,False,high,case024,Case 024,PML,4,pml_case024_nocanonical_v1_r4,FINISHED,True,441.040812,390.84544679289684,29,0.6369457,0.5373500000000001,1443558,1373671,67915,18848,4726,14122,54,61,0.46956521739130436
no_canonical_high,False,high,case024,Case 024,PML,5,pml_case024_nocanonical_v1_r5,FINISHED,True,833.668148,768.4521794603206,52,1.5215168999999995,1.4384945999999996,3092891,2850837,238583,34795,12272,22523,56,42,0.5714285714285714
no_canonical_high,False,high,case024,Case 024,PML-FileOracle,1,file_oracle_case024_nocanonical_v1_r1,FINISHED,True,538.043576,488.3713337490335,32,0.6940198000000001,0.6167126,1699886,1624964,72746,18281,7084,11197,55,68,0.44715447154471544
no_canonical_high,False,high,case024,Case 024,PML-FileOracle,2,file_oracle_case024_nocanonical_v1_r2,FINISHED,True,701.983217,645.7979479730129,41,1.1887549000000002,1.1430106999999998,2391319,2190157,198439,24918,7413,17505,55,51,0.5188679245283019
no_canonical_high,False,high,case024,Case 024,PML-FileOracle,3,file_oracle_case024_nocanonical_v1_r3,FINISHED,True,541.540647,458.2928190260427,26,0.6808786,0.5789041,1505662,1426388,77506,19830,6979,12851,80,63,0.5594405594405595
no_canonical_high,False,high,case024,Case 024,PML-FileOracle,4,file_oracle_case024_nocanonical_v1_r4,FINISHED,True,617.320115,570.3191984067671,25,0.6864914999999999,0.607787,1446070,1361045,83325,20257,7682,12575,55,71,0.4365079365079365
no_canonical_high,False,high,case024,Case 024,PML-FileOracle,5,file_oracle_case024_nocanonical_v1_r5,FINISHED,True,593.670455,559.2275730781257,34,0.8567180999999998,0.7929673999999999,2170079,2082258,85509,22187,7939,14248,61,63,0.49193548387096775
no_canonical_high,False,high,case025,Case 025,P,1,p_case025_nocanonical_v1_r1,FINISHED,False,1205.026619,,64,1.7414848999999994,,3700099,3451217,244595,43118,21733,21385,,,
no_canonical_high,False,high,case025,Case 025,P,2,p_case025_nocanonical_v1_r2,FINISHED,False,913.835245,,63,1.5790442999999998,,3465747,3223619,237909,33111,11643,21468,,,
no_canonical_high,False,high,case025,Case 025,P,3,p_case025_nocanonical_v1_r3,FINISHED,False,2564.955688,,97,1.713452600000001,,6319122,6228228,84298,24387,12289,12098,,,
no_canonical_high,False,high,case025,Case 025,P,4,p_case025_nocanonical_v1_r4,TIMEOUT,False,5400.014571,,182,3.8728345999999996,,10759934,10343538,404150,76926,36577,40349,,,
no_canonical_high,False,high,case025,Case 025,P,5,p_case025_nocanonical_v1_r5,FINISHED,False,1038.802352,,55,1.4626366000000002,,3047837,2821508,222654,33435,15687,17748,,,
no_canonical_high,False,high,case025,Case 025,PML,1,pml_case025_nocanonical_v1_r1,FINISHED,True,650.009984,557.3267443012446,43,1.4507723000000001,1.3283074000000001,2698846,2435684,260303,30716,6122,24594,370,35,0.9135802469135802
no_canonical_high,False,high,case025,Case 025,PML,2,pml_case025_nocanonical_v1_r2,FINISHED,True,752.638967,700.9064637920819,50,1.419306,1.3375324,2742344,2487055,251954,28534,7793,20741,363,19,0.9502617801047121
no_canonical_high,False,high,case025,Case 025,PML,3,pml_case025_nocanonical_v1_r3,FINISHED,True,643.014294,593.2700601378456,38,1.3814356,1.3023884000000001,2267916,2009363,256034,33444,7821,25623,384,37,0.9121140142517815
no_canonical_high,False,high,case025,Case 025,PML,4,pml_case025_nocanonical_v1_r4,FINISHED,True,2553.580864,2395.3110738541,96,2.1788257000000004,2.051618,6032869,5767911,258495,36608,9658,26950,361,43,0.8935643564356436
no_canonical_high,False,high,case025,Case 025,PML,5,pml_case025_nocanonical_v1_r5,FINISHED,True,771.415792,726.0273280940019,41,1.2693787,1.204215,2079556,1846426,230407,31863,6657,25206,371,33,0.9183168316831684
no_canonical_high,False,high,case025,Case 025,PML-FileOracle,1,file_oracle_case025_nocanonical_v1_r1,FINISHED,True,604.994885,559.7120366487652,37,1.2837715000000005,1.2324666000000004,2109528,1862110,244967,29403,9634,19769,388,30,0.9282296650717703
no_canonical_high,False,high,case025,Case 025,PML-FileOracle,2,file_oracle_case025_nocanonical_v1_r2,FINISHED,True,613.13716,575.0273635843769,27,1.1313091999999996,1.0807618999999997,1303957,1071786,230400,33741,5744,27997,362,42,0.8960396039603961
no_canonical_high,False,high,case025,Case 025,PML-FileOracle,3,file_oracle_case025_nocanonical_v1_r3,FINISHED,True,800.383674,771.8852208200842,45,1.4527257000000005,1.3935572000000005,2583107,2321541,258571,33600,8915,24685,381,15,0.9621212121212122
no_canonical_high,False,high,case025,Case 025,PML-FileOracle,4,file_oracle_case025_nocanonical_v1_r4,FINISHED,True,1278.077444,861.5434822980314,57,1.4899531000000004,1.2838752000000002,3272025,3035293,232921,29297,8220,21077,393,1,0.9974619289340102
no_canonical_high,False,high,case025,Case 025,PML-FileOracle,5,file_oracle_case025_nocanonical_v1_r5,FINISHED,True,793.602087,729.9046115200035,48,1.4555926000000001,1.3354534,2848172,2595173,249800,30566,7066,23500,361,29,0.9256410256410257
no_canonical_medium,False,medium,s2b,S2-B,P,1,p_s2b_nocanonical_reasoning_medium_v1_r1,FINISHED,False,714.399075,,31,0.7757478,,1616175,1534659,79408,26608,9753,16855,,,
no_canonical_medium,False,medium,s2b,S2-B,P,2,p_s2b_nocanonical_reasoning_medium_v1_r2,FINISHED,False,323.151606,,14,0.3647526000000001,,520749,468493,51304,14089,7281,6808,,,
no_canonical_medium,False,medium,s2b,S2-B,P,3,p_s2b_nocanonical_reasoning_medium_v1_r3,FINISHED,True,1374.589639,1277.975741721224,75,1.7871242999999994,1.6940140999999993,4223745,3990909,227801,40937,13353,27584,0,118,0.0
no_canonical_medium,False,medium,s2b,S2-B,P,4,p_s2b_nocanonical_reasoning_medium_v1_r4,FINISHED,True,1262.416048,1197.3620101213455,75,2.1396284000000008,2.0249030000000006,4960608,4683067,272506,51168,15880,35288,0,119,0.0
no_canonical_medium,False,medium,s2b,S2-B,P,5,p_s2b_nocanonical_reasoning_medium_v1_r5,FINISHED,False,481.039001,,22,0.6102036999999999,,1142031,1062646,77889,19996,6403,13593,,,
no_canonical_medium,False,medium,s2b,S2-B,PML,1,pml_s2b_nocanonical_reasoning_medium_v1_r1,FINISHED,True,1184.280023,1143.231606699992,72,1.834582700000001,1.7607305000000009,4309652,4057666,247155,39550,14276,25274,19,117,0.13970588235294118
no_canonical_medium,False,medium,s2b,S2-B,PML,2,pml_s2b_nocanonical_reasoning_medium_v1_r2,FINISHED,True,1111.880345,1070.2632383238524,55,1.3040038,1.2356141,3875517,3778369,93408,30733,12063,18670,27,76,0.2621359223300971
no_canonical_medium,False,medium,s2b,S2-B,PML,3,pml_s2b_nocanonical_reasoning_medium_v1_r3,FINISHED,True,1328.987043,1284.6831247871742,84,2.2856259,2.2487234999999997,4782919,4402222,375115,45623,13880,31743,27,93,0.225
no_canonical_medium,False,medium,s2b,S2-B,PML,4,pml_s2b_nocanonical_reasoning_medium_v1_r4,FINISHED,True,1200.194551,1150.4702216233127,67,1.8452208999999997,1.7645917999999998,4037837,3776207,257139,43815,13578,30237,18,119,0.13138686131386862
no_canonical_medium,False,medium,s2b,S2-B,PML,5,pml_s2b_nocanonical_reasoning_medium_v1_r5,FINISHED,False,836.134969,,61,1.5569692000000004,,3244820,3001491,239246,35039,11704,23335,,,
no_canonical_medium,False,medium,s2b,S2-B,PML-FileOracle,1,file_oracle_s2b_nocanonical_reasoning_medium_v1_r1,FINISHED,False,520.435845,,23,0.5224278,,1035516,970274,63678,16605,6655,9950,,,
no_canonical_medium,False,medium,s2b,S2-B,PML-FileOracle,2,file_oracle_s2b_nocanonical_reasoning_medium_v1_r2,FINISHED,True,1382.487388,1347.8063259110786,58,1.4998942000000004,1.4738712000000003,3284812,3079881,201052,37353,14069,23284,18,125,0.1258741258741259
no_canonical_medium,False,medium,s2b,S2-B,PML-FileOracle,3,file_oracle_s2b_nocanonical_reasoning_medium_v1_r3,FINISHED,False,646.039574,,29,0.6764553999999999,,1597190,1522132,73086,18537,6590,11947,,,
no_canonical_medium,False,medium,s2b,S2-B,PML-FileOracle,4,file_oracle_s2b_nocanonical_reasoning_medium_v1_r4,FINISHED,True,1486.414765,1439.0279913418926,77,1.8374344,1.7723001999999999,4263566,4020337,238058,42788,14281,28507,28,91,0.23529411764705882
no_canonical_medium,False,medium,s2b,S2-B,PML-FileOracle,5,file_oracle_s2b_nocanonical_reasoning_medium_v1_r5,FINISHED,True,1580.964442,1530.0792280668393,80,1.8469424999999993,1.8091038999999993,4540985,4326475,209135,44806,14976,29830,17,104,0.14049586776859505
no_canonical_medium,False,medium,case017,Case 017,P,1,p_case017_nocanonical_reasoning_medium_v1_r1,FINISHED,True,855.332376,819.3551658447832,52,1.3753759,1.3372039,2837773,2630657,203645,33319,9815,23504,0,51,0.0
no_canonical_medium,False,medium,case017,Case 017,P,2,p_case017_nocanonical_reasoning_medium_v1_r2,FINISHED,True,1465.323566,1438.0782606219873,79,1.5834834999999998,1.5619892999999998,3637203,3419835,212061,35875,10818,25057,0,60,0.0
no_canonical_medium,False,medium,case017,Case 017,P,3,p_case017_nocanonical_reasoning_medium_v1_r3,FINISHED,True,967.01639,935.2669193451293,60,1.4637682999999995,1.4192583999999995,3000921,2786429,210477,37226,9803,27423,0,63,0.0
no_canonical_medium,False,medium,case017,Case 017,P,4,p_case017_nocanonical_reasoning_medium_v1_r4,FINISHED,True,942.272248,895.1787198586389,44,0.9483417000000001,0.8317244,2191492,2097701,90799,29582,9111,20471,0,62,0.0
no_canonical_medium,False,medium,case017,Case 017,P,5,p_case017_nocanonical_reasoning_medium_v1_r5,FINISHED,True,1013.996499,968.0051403930411,69,1.6063484000000003,1.5374517000000005,3420150,3188897,226626,39275,10561,28714,0,43,0.0
no_canonical_medium,False,medium,case017,Case 017,PML,1,pml_case017_nocanonical_reasoning_medium_v1_r1,FINISHED,True,442.695185,414.7301385179162,26,0.9365008999999999,0.9071723999999999,1158974,963062,194209,25496,4091,21405,92,33,0.736
no_canonical_medium,False,medium,case017,Case 017,PML,2,pml_case017_nocanonical_reasoning_medium_v1_r2,FINISHED,True,733.818502,683.7630116301589,39,1.1839176999999999,1.1394456,1856717,1641731,212399,31940,6459,25481,55,70,0.44
no_canonical_medium,False,medium,case017,Case 017,PML,3,pml_case017_nocanonical_reasoning_medium_v1_r3,FINISHED,True,705.989416,676.2848809380084,40,1.1937043999999997,1.1605205999999997,2188054,1972697,212702,26210,7973,18237,382,37,0.9116945107398569
no_canonical_medium,False,medium,case017,Case 017,PML,4,pml_case017_nocanonical_reasoning_medium_v1_r4,FINISHED,False,467.293353,,29,0.7302763,,1696527,1615524,79031,20565,5915,14650,,,
no_canonical_medium,False,medium,case017,Case 017,PML,5,pml_case017_nocanonical_reasoning_medium_v1_r5,FINISHED,True,660.516948,547.9018153678626,32,0.8081496,0.6898466,1953769,1869963,81630,22573,6878,15695,20,38,0.3448275862068966
no_canonical_medium,False,medium,case017,Case 017,PML-FileOracle,1,file_oracle_case017_nocanonical_reasoning_medium_v1_r1,FINISHED,True,567.321668,521.3556138840504,31,0.8353422,0.7557988,2015122,1927756,85258,23243,7512,15731,28,48,0.3684210526315789
no_canonical_medium,False,medium,case017,Case 017,PML-FileOracle,2,file_oracle_case017_nocanonical_reasoning_medium_v1_r2,FINISHED,True,647.838278,600.5603245072998,30,0.7900277,0.7060766,1816871,1730726,84105,22954,6449,16505,55,65,0.4583333333333333
no_canonical_medium,False,medium,case017,Case 017,PML-FileOracle,3,file_oracle_case017_nocanonical_reasoning_medium_v1_r3,FINISHED,True,603.025533,559.3721915809438,31,0.8293095,0.7407817000000001,1899823,1814880,82835,25503,7911,17592,60,59,0.5042016806722689
no_canonical_medium,False,medium,case017,Case 017,PML-FileOracle,4,file_oracle_case017_nocanonical_reasoning_medium_v1_r4,FINISHED,True,632.348208,592.7021488780156,37,0.8275722,0.727534,2065972,1984926,78530,22923,7199,15724,20,56,0.2631578947368421
no_canonical_medium,False,medium,case017,Case 017,PML-FileOracle,5,file_oracle_case017_nocanonical_reasoning_medium_v1_r5,FINISHED,True,731.786083,702.5867393538356,34,0.7882781000000001,0.7345011000000001,1859606,1782883,74411,24105,8938,15167,22,35,0.38596491228070173
no_canonical_medium,False,medium,case019,Case 019,P,1,p_case019_nocanonical_reasoning_medium_v1_r1,FINISHED,False,542.325103,,32,0.6926985999999999,,1538953,1460133,76644,20471,10345,10126,,,
no_canonical_medium,False,medium,case019,Case 019,P,2,p_case019_nocanonical_reasoning_medium_v1_r2,FINISHED,False,553.365315,,37,0.7504379000000001,,1941333,1860642,78175,17784,6204,11580,,,
no_canonical_medium,False,medium,case019,Case 019,P,3,p_case019_nocanonical_reasoning_medium_v1_r3,FINISHED,False,339.754078,,20,0.3603504,,699304,645152,52792,9662,4283,5379,,,
no_canonical_medium,False,medium,case019,Case 019,P,4,p_case019_nocanonical_reasoning_medium_v1_r4,FINISHED,False,413.675395,,31,0.6236980999999999,,1520899,1449498,69293,15635,7307,8328,,,
no_canonical_medium,False,medium,case019,Case 019,P,5,p_case019_nocanonical_reasoning_medium_v1_r5,FINISHED,False,239.04718,,21,0.3491095,,674141,624330,48383,10043,4264,5779,,,
no_canonical_medium,False,medium,case019,Case 019,PML,1,pml_case019_nocanonical_reasoning_medium_v1_r1,FINISHED,False,2318.432564,,129,3.5449784999999974,,7828649,7222785,597287,59005,15911,43094,,,
no_canonical_medium,False,medium,case019,Case 019,PML,2,pml_case019_nocanonical_reasoning_medium_v1_r2,FINISHED,False,361.302751,,33,1.1430292000000002,,1924453,1676306,245968,18849,4576,14273,,,
no_canonical_medium,False,medium,case019,Case 019,PML,3,pml_case019_nocanonical_reasoning_medium_v1_r3,FINISHED,False,1009.945307,,71,2.2176079,,4301804,3884497,412609,39979,13044,26935,,,
no_canonical_medium,False,medium,case019,Case 019,PML,4,pml_case019_nocanonical_reasoning_medium_v1_r4,FINISHED,False,427.088261,,40,1.3749424,,2599567,2326712,270200,22879,6178,16701,,,
no_canonical_medium,False,medium,case019,Case 019,PML,5,pml_case019_nocanonical_reasoning_medium_v1_r5,FINISHED,False,398.42186,,40,1.2454223000000002,,2377213,2116049,258509,17063,4234,12829,,,
no_canonical_medium,False,medium,case019,Case 019,PML-FileOracle,1,file_oracle_case019_nocanonical_reasoning_medium_v1_r1,FINISHED,False,959.496429,,67,2.1185963000000005,,3880394,3447859,428109,34990,11328,23662,,,
no_canonical_medium,False,medium,case019,Case 019,PML-FileOracle,2,file_oracle_case019_nocanonical_reasoning_medium_v1_r2,FINISHED,False,759.582898,,55,1.5692608000000003,,3510727,3259804,247248,29183,9022,20161,,,
no_canonical_medium,False,medium,case019,Case 019,PML-FileOracle,3,file_oracle_case019_nocanonical_reasoning_medium_v1_r3,FINISHED,False,589.852702,,47,1.4522576,,2835164,2573003,259030,28382,7446,20936,,,
no_canonical_medium,False,medium,case019,Case 019,PML-FileOracle,4,file_oracle_case019_nocanonical_reasoning_medium_v1_r4,FINISHED,False,391.043414,,31,0.7589849000000001,,1847615,1752982,92525,17286,9301,7985,,,
no_canonical_medium,False,medium,case019,Case 019,PML-FileOracle,5,file_oracle_case019_nocanonical_reasoning_medium_v1_r5,FINISHED,False,518.596174,,45,1.2474288999999998,,2565473,2334207,228271,20392,8309,12083,,,
no_canonical_medium,False,medium,case024,Case 024,P,1,p_case024_nocanonical_reasoning_medium_v1_r1,FINISHED,False,613.328757,,32,0.7189285,,1796926,1719295,75455,18208,7423,10785,,,
no_canonical_medium,False,medium,case024,Case 024,P,2,p_case024_nocanonical_reasoning_medium_v1_r2,FINISHED,True,1333.427699,1262.6484085139818,63,1.5114485000000002,1.4540348000000003,3421674,3202390,215065,32487,9166,23321,0,76,0.0
no_canonical_medium,False,medium,case024,Case 024,P,3,p_case024_nocanonical_reasoning_medium_v1_r3,FINISHED,True,1272.057949,1214.9747127457522,61,1.5086606999999996,1.4498051999999995,3477683,3258611,214989,31130,9310,21820,0,84,0.0
no_canonical_medium,False,medium,case024,Case 024,P,4,p_case024_nocanonical_reasoning_medium_v1_r4,FINISHED,False,1022.84493,,50,1.0723596000000004,,2878462,2790098,84964,29513,9876,19637,,,
no_canonical_medium,False,medium,case024,Case 024,P,5,p_case024_nocanonical_reasoning_medium_v1_r5,FINISHED,False,558.323125,,25,0.5459290000000001,,1179977,1110245,68032,15040,6745,8295,,,
no_canonical_medium,False,medium,case024,Case 024,PML,1,pml_case024_nocanonical_reasoning_medium_v1_r1,FINISHED,True,470.847486,439.55853321775794,26,1.0055469,0.9701804,1339565,1140167,197695,27987,4916,23071,56,44,0.56
no_canonical_medium,False,medium,case024,Case 024,PML,2,pml_case024_nocanonical_reasoning_medium_v1_r2,FINISHED,True,427.587214,362.3657878241502,23,0.6150511999999999,0.5050863,1383493,1305491,76438,15973,3637,12336,54,67,0.4462809917355372
no_canonical_medium,False,medium,case024,Case 024,PML,3,pml_case024_nocanonical_reasoning_medium_v1_r3,FINISHED,True,384.374873,345.87798957293853,17,0.6124605000000002,0.5494026000000001,1018916,932805,84955,21120,4100,17020,60,54,0.5263157894736842
no_canonical_medium,False,medium,case024,Case 024,PML,4,pml_case024_nocanonical_reasoning_medium_v1_r4,FINISHED,True,395.577851,366.4385428749956,22,0.6225746,0.5620564,1353232,1269538,82198,16018,5624,10394,55,42,0.5670103092783505
no_canonical_medium,False,medium,case024,Case 024,PML,5,pml_case024_nocanonical_reasoning_medium_v1_r5,FINISHED,True,563.614461,519.6038754661568,32,0.8333246999999999,0.7483624,2017751,1930676,84899,23059,6537,16522,77,68,0.5310344827586206
no_canonical_medium,False,medium,case024,Case 024,PML-FileOracle,1,file_oracle_case024_nocanonical_reasoning_medium_v1_r1,FINISHED,False,881.483151,,38,0.9746776999999999,,2571580,2477361,91635,24495,7210,17285,,,
no_canonical_medium,False,medium,case024,Case 024,PML-FileOracle,2,file_oracle_case024_nocanonical_reasoning_medium_v1_r2,FINISHED,True,472.957981,430.1252269889228,25,0.5459565,0.4761797,1134879,1072070,61109,17537,5233,12304,54,47,0.5346534653465347
no_canonical_medium,False,medium,case024,Case 024,PML-FileOracle,3,file_oracle_case024_nocanonical_reasoning_medium_v1_r3,FINISHED,False,698.240866,,32,0.8042066000000001,,1836190,1745848,88166,23027,7941,15086,,,
no_canonical_medium,False,medium,case024,Case 024,PML-FileOracle,4,file_oracle_case024_nocanonical_reasoning_medium_v1_r4,FINISHED,True,454.062338,414.4515135609545,28,0.6662984,0.6044466,1606099,1527277,76918,16474,4544,11930,55,50,0.5238095238095238
no_canonical_medium,False,medium,case024,Case 024,PML-FileOracle,5,file_oracle_case024_nocanonical_reasoning_medium_v1_r5,FINISHED,True,603.740159,549.7636184259318,33,0.8357280000000001,0.7269963,2032375,1942025,88106,22257,6025,16232,53,48,0.5247524752475248
no_canonical_medium,False,medium,case025,Case 025,P,1,p_case025_nocanonical_reasoning_medium_v1_r1,FINISHED,False,394.804546,,20,0.42364860000000004,,738738,684368,53010,15153,6611,8542,,,
no_canonical_medium,False,medium,case025,Case 025,P,2,p_case025_nocanonical_reasoning_medium_v1_r2,FINISHED,False,587.998732,,30,0.7858216000000001,,1851218,1757058,92120,20003,6624,13379,,,
no_canonical_medium,False,medium,case025,Case 025,P,3,p_case025_nocanonical_reasoning_medium_v1_r3,FINISHED,False,522.087532,,34,0.8091199,,2124602,2029817,92473,16735,5309,11426,,,
no_canonical_medium,False,medium,case025,Case 025,P,4,p_case025_nocanonical_reasoning_medium_v1_r4,FINISHED,False,791.710858,,58,1.4565959000000002,,3201538,2974152,223507,29524,10248,19276,,,
no_canonical_medium,False,medium,case025,Case 025,P,5,p_case025_nocanonical_reasoning_medium_v1_r5,FINISHED,False,459.891967,,28,0.6543731,,1398816,1324763,72149,20524,10158,10366,,,
no_canonical_medium,False,medium,case025,Case 025,PML,1,pml_case025_nocanonical_reasoning_medium_v1_r1,FINISHED,True,508.311369,487.5627687112428,39,1.2254688999999999,1.1506233,2075439,1835537,237315,25990,5028,20962,363,31,0.9213197969543148
no_canonical_medium,False,medium,case025,Case 025,PML,2,pml_case025_nocanonical_reasoning_medium_v1_r2,FINISHED,True,876.334934,808.0013984381221,58,1.5363419999999999,1.4476223000000001,3386710,3138445,244386,28993,7737,21256,363,34,0.9143576826196473
no_canonical_medium,False,medium,case025,Case 025,PML,3,pml_case025_nocanonical_reasoning_medium_v1_r3,FINISHED,True,819.907013,763.3651589108631,43,1.2012542000000004,1.1645692000000003,2352416,2140281,209276,24429,5918,18511,384,31,0.9253012048192771
no_canonical_medium,False,medium,case025,Case 025,PML,4,pml_case025_nocanonical_reasoning_medium_v1_r4,FINISHED,True,558.910826,501.3012802647427,38,1.1234015999999998,0.8397765999999998,2207661,2013918,191224,23752,5638,18114,363,37,0.9075
no_canonical_medium,False,medium,case025,Case 025,PML,5,pml_case025_nocanonical_reasoning_medium_v1_r5,FINISHED,True,678.950919,640.3035645252094,53,1.6104593000000005,1.5229219000000003,3233880,2960944,269397,33770,6997,26773,384,24,0.9411764705882353
no_canonical_medium,False,medium,case025,Case 025,PML-FileOracle,1,file_oracle_case025_nocanonical_reasoning_medium_v1_r1,FINISHED,True,704.030668,647.6093702521175,45,1.3255347,1.2397797,2473975,2236611,234369,28630,7255,21375,363,27,0.9307692307692308
no_canonical_medium,False,medium,case025,Case 025,PML-FileOracle,2,file_oracle_case025_nocanonical_reasoning_medium_v1_r2,FINISHED,True,1048.582816,933.8479685899802,46,1.3936497000000003,1.3138981000000003,2658366,2410806,244497,29412,6513,22899,370,21,0.9462915601023018
no_canonical_medium,False,medium,case025,Case 025,PML-FileOracle,3,file_oracle_case025_nocanonical_reasoning_medium_v1_r3,FINISHED,True,485.800597,432.5815379037522,25,0.7799787,0.6659674,1649899,1553356,94843,22880,5461,17419,385,31,0.9254807692307693
no_canonical_medium,False,medium,case025,Case 025,PML-FileOracle,4,file_oracle_case025_nocanonical_reasoning_medium_v1_r4,FINISHED,True,499.68022,456.0707232998684,31,0.8530417,0.7864011,2111337,2014016,95213,20799,5919,14880,373,28,0.9301745635910225
no_canonical_medium,False,medium,case025,Case 025,PML-FileOracle,5,file_oracle_case025_nocanonical_reasoning_medium_v1_r5,FINISHED,True,687.237868,638.4489780049771,52,1.3880076,1.3449862,2768237,2533478,231288,29615,7315,22300,363,34,0.9143576826196473
